{"cameraMode":{"drawMode":0,"name":"Shaded","section":"Shading Mode"},"sceneLighting":true,"audioPlay":false,"sceneViewState":{"m_AlwaysRefresh":false,"showFog":true,"showSkybox":true,"showFlares":true,"showImageEffects":true,"showParticleSystems":true,"showVisualEffectGraphs":true,"m_FxEnabled":true},"in2DMode":false,"pivot":{"x":138.58319091796876,"y":-146.8535614013672,"z":145.37376403808595},"rotation":{"x":-0.32569780945777895,"y":-0.08971536159515381,"z":0.0310748890042305,"w":-0.9407128095626831},"size":127.85954284667969,"orthographic":false}